Workbook

Sheet Header
B3: [SCHOOL NAME]
B4: [ADDRESS]
B5: [CITY, STATE ZIP]

Sheet Master
A2: XR-550 CONFIGURATION
A3: LOCATION
A4: POSITION | B4: DESCRIPTION
A5: AC
A6: Battery
A7: Bell
A8: Keypad Bus
A9: Ethernet
A10: SMK/GND
A11: LX500
A12: LX600
A13: LX700
A14: LX800
A15: LX900
A16: Z1
... A27: 710 BUS SPLITTER/REPEATER TOPOLOGY
A28: ID | B28: LOCATION | C28: SECTION TITLE | D28: COMBUS INPUT | E28: COMBUS OUTPUT 1 | F28: COMBUS OUTPUT 2 | G28: COMBUS OUTPUT 3
A29: 710-LX500-1
A30: 710-LX500-2
A31: 710-LX500-3
A32: 710-LX500-4
A33: 710-LX500-5
A34: 710-LX600-1
A35: 710-LX600-2
A36: 710-LX600-3
A37: 710-LX600-4
A38: 710-LX600-5
A39: 710-LX700-1
A40: 710-LX700-2
... A65: ZONE DATA
A66: ZONE # | B66: ZONE DESCRIPTION | C66: RSP/PS LOCATION | D66: 66 BLOCK LOCATION
A67: Z501
A68: Z502
A69: Z503
A70: Z504
A71: Z505
A72: Z506
A73: Z507
A74: Z508
A75: Z509
A76: Z510
A77: Z511
A78: Z512
... A80: Z514
A81: Z515 | B81: PS-1: A/C LOSS
A82: Z516 | B82: PS-1: BATT. TRBL.
A83: Z517
A84: Z518
A85: Z519
A86: Z520
A87: Z521
A88: Z522
A89: Z523
A90: Z524
A91: Z525
A92: Z526
A93: Z527
A94: Z528
... A96: Z530
A97: Z531 | B97: PS-2: A/C LOSS
A98: Z532 | B98: PS-2: BATT. TRBL.
A99: Z533
A100: Z534
A101: Z535
A102: Z536
A103: Z537
A104: Z538
A105: Z539
A106: Z540
A107: Z541
A108: Z542
A109: Z543
A110: Z544
... A112: Z546
A113: Z547 | B113: PS-3: A/C LOSS
A114: Z548 | B114: PS-3: BATT. TRBL.
A115: Z549
A116: Z550
A117: Z551
A118: Z552
A119: Z553
A120: Z554
A121: Z555
A122: Z556
A123: Z557
A124: Z558
A125: Z559
A126: Z560
... A128: Z562
A129: Z563 | B129: PS-4: A/C LOSS
A130: Z564 | B130: PS-4: BATT. TRBL.
A131: Z565
A132: Z566
A133: Z567
A134: Z568
A135: Z569
A136: Z570
A137: Z571
A138: Z572
A139: Z573
...

Sheet Terminal Cans
B2: =Header!B3 -> [SCHOOL NAME] | F2: =Header!B3 -> [SCHOOL NAME]
B3: =Header!B4 -> [ADDRESS] | F3: =Header!B4 -> [ADDRESS]
B4: =Header!B5 -> [CITY, STATE ZIP] | F4: =Header!B5 -> [CITY, STATE ZIP]
B7: =Master!D67 -> 0 | F7: =Master!D83 -> 0
B8: Pin 1 | C8: Pin 2 | D8: Description | F8: Pin 1 | G8: Pin 2 | H8: Description
B9: =Master!A67&" Field" -> Z501 Field | C9: =Master!A67&" Panel" -> Z501 Panel | D9: =Master!B67 -> 0 | F9: =Master!A83&" Field" -> Z517 Field | G9: =Master!A83&" Panel" -> Z517 Panel | H9: =Master!B83 -> 0
B10: =Master!A68&" Field" -> Z502 Field | C10: =Master!A68&" Panel" -> Z502 Panel | D10: =Master!B68 -> 0 | F10: =Master!A84&" Field" -> Z518 Field | G10: =Master!A84&" Panel" -> Z518 Panel | H10: =Master!B84 -> 0
B11: =Master!A69&" Field" -> Z503 Field | C11: =Master!A69&" Panel" -> Z503 Panel | D11: =Master!B69 -> 0 | F11: =Master!A85&" Field" -> Z519 Field | G11: =Master!A85&" Panel" -> Z519 Panel | H11: =Master!B85 -> 0
B12: =Master!A70&" Field" -> Z504 Field | C12: =Master!A70&" Panel" -> Z504 Panel | D12: =Master!B70 -> 0 | F12: =Master!A86&" Field" -> Z520 Field | G12: =Master!A86&" Panel" -> Z520 Panel | H12: =Master!B86 -> 0
B13: =Master!A71&" Field" -> Z505 Field | C13: =Master!A71&" Panel" -> Z505 Panel | D13: =Master!B71 -> 0 | F13: =Master!A87&" Field" -> Z521 Field | G13: =Master!A87&" Panel" -> Z521 Panel | H13: =Master!B87 -> 0
B14: =Master!A72&" Field" -> Z506 Field | C14: =Master!A72&" Panel" -> Z506 Panel | D14: =Master!B72 -> 0 | F14: =Master!A88&" Field" -> Z522 Field | G14: =Master!A88&" Panel" -> Z522 Panel | H14: =Master!B88 -> 0
B15: =Master!A73&" Field" -> Z507 Field | C15: =Master!A73&" Panel" -> Z507 Panel | D15: =Master!B73 -> 0 | F15: =Master!A89&" Field" -> Z523 Field | G15: =Master!A89&" Panel" -> Z523 Panel | H15: =Master!B89 -> 0
B16: =Master!A74&" Field" -> Z508 Field | C16: =Master!A74&" Panel" -> Z508 Panel | D16: =Master!B74 -> 0 | F16: =Master!A90&" Field" -> Z524 Field | G16: =Master!A90&" Panel" -> Z524 Panel | H16: =Master!B90 -> 0
B17: =Master!A75&" Field" -> Z509 Field | C17: =Master!A75&" Panel" -> Z509 Panel | D17: =Master!B75 -> 0 | F17: =Master!A91&" Field" -> Z525 Field | G17: =Master!A91&" Panel" -> Z525 Panel | H17: =Master!B91 -> 0
B18: =Master!A76&" Field" -> Z510 Field | C18: =Master!A76&" Panel" -> Z510 Panel | D18: =Master!B76 -> 0 | F18: =Master!A92&" Field" -> Z526 Field | G18: =Master!A92&" Panel" -> Z526 Panel | H18: =Master!B92 -> 0
B19: =Master!A77&" Field" -> Z511 Field | C19: =Master!A77&" Panel" -> Z511 Panel | D19: =Master!B77 -> 0 | F19: =Master!A93&" Field" -> Z527 Field | G19: =Master!A93&" Panel" -> Z527 Panel | H19: =Master!B93 -> 0
B20: =Master!A78&" Field" -> Z512 Field | C20: =Master!A78&" Panel" -> Z512 Panel | D20: =Master!B78 -> 0 | F20: =Master!A94&" Field" -> Z528 Field | G20: =Master!A94&" Panel" -> Z528 Panel | H20: =Master!B94 -> 0
... B24: =Master!A82&" Field" -> Z516 Field | C24: =Master!A82&" Panel" -> Z516 Panel | D24: =Master!B82 -> PS-1: BATT. TRBL. | F24: =Master!A98&" Field" -> Z532 Field | G24: =Master!A98&" Panel" -> Z532 Panel | H24: =Master!B98 -> PS-2: BATT. TRBL.
B25: AUX POWER | C25: PS1 | D25: POWER FROM POWER SUPPLY 1 | F25: AUX POWER | G25: PS2 | H25: POWER FROM POWER SUPPLY 2
B27: =Header!B3 -> [SCHOOL NAME] | F27: =Header!B3 -> [SCHOOL NAME]
B28: =Header!B4 -> [ADDRESS] | F28: =Header!B4 -> [ADDRESS]
B29: =Header!B5 -> [CITY, STATE ZIP] | F29: =Header!B5 -> [CITY, STATE ZIP]
B32: =Master!D99 -> 0 | F32: =Master!D115 -> 0
B33: Pin 1 | C33: Pin 2 | D33: Description | F33: Pin 1 | G33: Pin 2 | H33: Description
B34: =Master!A99&" Field" -> Z533 Field | C34: =Master!A99&" Panel" -> Z533 Panel | D34: =Master!B99 -> 0 | F34: =Master!A115&" Field" -> Z549 Field | G34: =Master!A115&" Panel" -> Z549 Panel | H34: =Master!B115 -> 0
B35: =Master!A100&" Field" -> Z534 Field | C35: =Master!A100&" Panel" -> Z534 Panel | D35: =Master!B100 -> 0 | F35: =Master!A116&" Field" -> Z550 Field | G35: =Master!A116&" Panel" -> Z550 Panel | H35: =Master!B116 -> 0
B36: =Master!A101&" Field" -> Z535 Field | C36: =Master!A101&" Panel" -> Z535 Panel | D36: =Master!B101 -> 0 | F36: =Master!A117&" Field" -> Z551 Field | G36: =Master!A117&" Panel" -> Z551 Panel | H36: =Master!B117 -> 0
B37: =Master!A102&" Field" -> Z536 Field | C37: =Master!A102&" Panel" -> Z536 Panel | D37: =Master!B102 -> 0 | F37: =Master!A118&" Field" -> Z552 Field | G37: =Master!A118&" Panel" -> Z552 Panel | H37: =Master!B118 -> 0
B38: =Master!A103&" Field" -> Z537 Field | C38: =Master!A103&" Panel" -> Z537 Panel | D38: =Master!B103 -> 0 | F38: =Master!A119&" Field" -> Z553 Field | G38: =Master!A119&" Panel" -> Z553 Panel | H38: =Master!B119 -> 0
B39: =Master!A104&" Field" -> Z538 Field | C39: =Master!A104&" Panel" -> Z538 Panel | D39: =Master!B104 -> 0 | F39: =Master!A120&" Field" -> Z554 Field | G39: =Master!A120&" Panel" -> Z554 Panel | H39: =Master!B120 -> 0
B40: =Master!A105&" Field" -> Z539 Field | C40: =Master!A105&" Panel" -> Z539 Panel | D40: =Master!B105 -> 0 | F40: =Master!A121&" Field" -> Z555 Field | G40: =Master!A121&" Panel" -> Z555 Panel | H40: =Master!B121 -> 0
B41: =Master!A106&" Field" -> Z540 Field | C41: =Master!A106&" Panel" -> Z540 Panel | D41: =Master!B106 -> 0 | F41: =Master!A122&" Field" -> Z556 Field | G41: =Master!A122&" Panel" -> Z556 Panel | H41: =Master!B122 -> 0
B42: =Master!A107&" Field" -> Z541 Field | C42: =Master!A107&" Panel" -> Z541 Panel | D42: =Master!B107 -> 0 | F42: =Master!A123&" Field" -> Z557 Field | G42: =Master!A123&" Panel" -> Z557 Panel | H42: =Master!B123 -> 0
B43: =Master!A108&" Field" -> Z542 Field | C43: =Master!A108&" Panel" -> Z542 Panel | D43: =Master!B108 -> 0 | F43: =Master!A124&" Field" -> Z558 Field | G43: =Master!A124&" Panel" -> Z558 Panel | H43: =Master!B124 -> 0
B44: =Master!A109&" Field" -> Z543 Field | C44: =Master!A109&" Panel" -> Z543 Panel | D44: =Master!B109 -> 0 | F44: =Master!A125&" Field" -> Z559 Field | G44: =Master!A125&" Panel" -> Z559 Panel | H44: =Master!B125 -> 0
B45: =Master!A110&" Field" -> Z544 Field | C45: =Master!A110&" Panel" -> Z544 Panel | D45: =Master!B110 -> 0 | F45: =Master!A126&" Field" -> Z560 Field | G45: =Master!A126&" Panel" -> Z560 Panel | H45: =Master!B126 -> 0
... B49: =Master!A114&" Field" -> Z548 Field | C49: =Master!A114&" Panel" -> Z548 Panel | D49: =Master!B114 -> PS-3: BATT. TRBL. | F49: =Master!A130&" Field" -> Z564 Field | G49: =Master!A130&" Panel" -> Z564 Panel | H49: =Master!B130 -> PS-4: BATT. TRBL.
B50: AUX POWER | C50: PS3 | D50: POWER FROM POWER SUPPLY 3 | F50: AUX POWER | G50: PS4 | H50: POWER FROM POWER SUPPLY 4
B52: =Header!B3 -> [SCHOOL NAME] | F52: =Header!B3 -> [SCHOOL NAME]
B53: =Header!B4 -> [ADDRESS] | F53: =Header!B4 -> [ADDRESS]
B54: =Header!B5 -> [CITY, STATE ZIP] | F54: =Header!B5 -> [CITY, STATE ZIP]
B57: =Master!D131 -> 0 | F57: =Master!D147 -> 0
B58: Pin 1 | C58: Pin 2 | D58: Description | F58: Pin 1 | G58: Pin 2 | H58: Description
B59: =Master!A131&" Field" -> Z565 Field | C59: =Master!A131&" Panel" -> Z565 Panel | D59: =Master!B131 -> 0 | F59: =Master!A147&" Field" -> Z581 Field | G59: =Master!A147&" Panel" -> Z581 Panel | H59: =Master!B147 -> 0
B60: =Master!A132&" Field" -> Z566 Field | C60: =Master!A132&" Panel" -> Z566 Panel | D60: =Master!B132 -> 0 | F60: =Master!A148&" Field" -> Z582 Field | G60: =Master!A148&" Panel" -> Z582 Panel | H60: =Master!B148 -> 0
B61: =Master!A133&" Field" -> Z567 Field | C61: =Master!A133&" Panel" -> Z567 Panel | D61: =Master!B133 -> 0 | F61: =Master!A149&" Field" -> Z583 Field | G61: =Master!A149&" Panel" -> Z583 Panel | H61: =Master!B149 -> 0
B62: =Master!A134&" Field" -> Z568 Field | C62: =Master!A134&" Panel" -> Z568 Panel | D62: =Master!B134 -> 0 | F62: =Master!A150&" Field" -> Z584 Field | G62: =Master!A150&" Panel" -> Z584 Panel | H62: =Master!B150 -> 0
B63: =Master!A135&" Field" -> Z569 Field | C63: =Master!A135&" Panel" -> Z569 Panel | D63: =Master!B135 -> 0 | F63: =Master!A151&" Field" -> Z585 Field | G63: =Master!A151&" Panel" -> Z585 Panel | H63: =Master!B151 -> 0
B64: =Master!A136&" Field" -> Z570 Field | C64: =Master!A136&" Panel" -> Z570 Panel | D64: =Master!B136 -> 0 | F64: =Master!A152&" Field" -> Z586 Field | G64: =Master!A152&" Panel" -> Z586 Panel | H64: =Master!B152 -> 0
B65: =Master!A137&" Field" -> Z571 Field | C65: =Master!A137&" Panel" -> Z571 Panel | D65: =Master!B137 -> 0 | F65: =Master!A153&" Field" -> Z587 Field | G65: =Master!A153&" Panel" -> Z587 Panel | H65: =Master!B153 -> 0
B66: =Master!A138&" Field" -> Z572 Field | C66: =Master!A138&" Panel" -> Z572 Panel | D66: =Master!B138 -> 0 | F66: =Master!A154&" Field" -> Z588 Field | G66: =Master!A154&" Panel" -> Z588 Panel | H66: =Master!B154 -> 0
B67: =Master!A139&" Field" -> Z573 Field | C67: =Master!A139&" Panel" -> Z573 Panel | D67: =Master!B139 -> 0 | F67: =Master!A155&" Field" -> Z589 Field | G67: =Master!A155&" Panel" -> Z589 Panel | H67: =Master!B155 -> 0
B68: =Master!A140&" Field" -> Z574 Field | C68: =Master!A140&" Panel" -> Z574 Panel | D68: =Master!B140 -> 0 | F68: =Master!A156&" Field" -> Z590 Field | G68: =Master!A156&" Panel" -> Z590 Panel | H68: =Master!B156 -> 0
B69: =Master!A141&" Field" -> Z575 Field | C69: =Master!A141&" Panel" -> Z575 Panel | D69: =Master!B141 -> 0 | F69: =Master!A157&" Field" -> Z591 Field | G69: =Master!A157&" Panel" -> Z591 Panel | H69: =Master!B157 -> 0
B70: =Master!A142&" Field" -> Z576 Field | C70: =Master!A142&" Panel" -> Z576 Panel | D70: =Master!B142 -> 0 | F70: =Master!A158&" Field" -> Z592 Field | G70: =Master!A158&" Panel" -> Z592 Panel | H70: =Master!B158 -> 0
... B74: =Master!A146&" Field" -> Z580 Field | C74: =Master!A146&" Panel" -> Z580 Panel | D74: =Master!B146 -> PS-5: BATT. TRBL. | F74: =Master!A162&" Field" -> Z596 Field | G74: =Master!A162&" Panel" -> Z596 Panel | H74: =Master!B162 -> PS-6: BATT. TRBL.
B75: AUX POWER | C75: PS5 | D75: POWER FROM POWER SUPPLY 5 | F75: AUX POWER | G75: PS6 | H75: POWER FROM POWER SUPPLY 6
B77: =Header!B3 -> [SCHOOL NAME] | F77: =Header!B3 -> [SCHOOL NAME]
B78: =Header!B4 -> [ADDRESS] | F78: =Header!B4 -> [ADDRESS]
B79: =Header!B5 -> [CITY, STATE ZIP] | F79: =Header!B5 -> [CITY, STATE ZIP]
B82: =Master!D167 -> 0 | F82: =Master!D183 -> 0
B83: Pin 1 | C83: Pin 2 | D83: Description | F83: Pin 1 | G83: Pin 2 | H83: Description
B84: =Master!A167&" Field" -> Z601 Field | C84: =Master!A167&" Panel" -> Z601 Panel | D84: =Master!B167 -> 0 | F84: =Master!A183&" Field" -> Z617 Field | G84: =Master!A183&" Panel" -> Z617 Panel | H84: =Master!B183 -> 0
B85: =Master!A168&" Field" -> Z602 Field | C85: =Master!A168&" Panel" -> Z602 Panel | D85: =Master!B168 -> 0 | F85: =Master!A184&" Field" -> Z618 Field | G85: =Master!A184&" Panel" -> Z618 Panel | H85: =Master!B184 -> 0
B86: =Master!A169&" Field" -> Z603 Field | C86: =Master!A169&" Panel" -> Z603 Panel | D86: =Master!B169 -> 0 | F86: =Master!A185&" Field" -> Z619 Field | G86: =Master!A185&" Panel" -> Z619 Panel | H86: =Master!B185 -> 0
B87: =Master!A170&" Field" -> Z604 Field | C87: =Master!A170&" Panel" -> Z604 Panel | D87: =Master!B170 -> 0 | F87: =Master!A186&" Field" -> Z620 Field | G87: =Master!A186&" Panel" -> Z620 Panel | H87: =Master!B186 -> 0
B88: =Master!A171&" Field" -> Z605 Field | C88: =Master!A171&" Panel" -> Z605 Panel | D88: =Master!B171 -> 0 | F88: =Master!A187&" Field" -> Z621 Field | G88: =Master!A187&" Panel" -> Z621 Panel | H88: =Master!B187 -> 0
B89: =Master!A172&" Field" -> Z606 Field | C89: =Master!A172&" Panel" -> Z606 Panel | D89: =Master!B172 -> 0 | F89: =Master!A188&" Field" -> Z622 Field | G89: =Master!A188&" Panel" -> Z622 Panel | H89: =Master!B188 -> 0
B90: =Master!A173&" Field" -> Z607 Field | C90: =Master!A173&" Panel" -> Z607 Panel | D90: =Master!B173 -> 0 | F90: =Master!A189&" Field" -> Z623 Field | G90: =Master!A189&" Panel" -> Z623 Panel | H90: =Master!B189 -> 0
B91: =Master!A174&" Field" -> Z608 Field | C91: =Master!A174&" Panel" -> Z608 Panel | D91: =Master!B174 -> 0 | F91: =Master!A190&" Field" -> Z624 Field | G91: =Master!A190&" Panel" -> Z624 Panel | H91: =Master!B190 -> 0
B92: =Master!A175&" Field" -> Z609 Field | C92: =Master!A175&" Panel" -> Z609 Panel | D92: =Master!B175 -> 0 | F92: =Master!A191&" Field" -> Z625 Field | G92: =Master!A191&" Panel" -> Z625 Panel | H92: =Master!B191 -> 0
B93: =Master!A176&" Field" -> Z610 Field | C93: =Master!A176&" Panel" -> Z610 Panel | D93: =Master!B176 -> 0 | F93: =Master!A192&" Field" -> Z626 Field | G93: =Master!A192&" Panel" -> Z626 Panel | H93: =Master!B192 -> 0
B94: =Master!A177&" Field" -> Z611 Field | C94: =Master!A177&" Panel" -> Z611 Panel | D94: =Master!B177 -> 0 | F94: =Master!A193&" Field" -> Z627 Field | G94: =Master!A193&" Panel" -> Z627 Panel | H94: =Master!B193 -> 0
B95: =Master!A178&" Field" -> Z612 Field | C95: =Master!A178&" Panel" -> Z612 Panel | D95: =Master!B178 -> 0 | F95: =Master!A194&" Field" -> Z628 Field | G95: =Master!A194&" Panel" -> Z628 Panel | H95: =Master!B194 -> 0
... B99: =Master!A182&" Field" -> Z616 Field | C99: =Master!A182&" Panel" -> Z616 Panel | D99: =Master!B182 -> PS-7: BATT. TRBL. | F99: =Master!A198&" Field" -> Z632 Field | G99: =Master!A198&" Panel" -> Z632 Panel | H99: =Master!B198 -> PS-8: BATT. TRBL.
B100: AUX POWER | C100: PS7 | D100: POWER FROM POWER SUPPLY 7 | F100: AUX POWER | G100: PS8 | H100: POWER FROM POWER SUPPLY 8
B102: =Header!B3 -> [SCHOOL NAME] | F102: =Header!B3 -> [SCHOOL NAME]
B103: =Header!B4 -> [ADDRESS] | F103: =Header!B4 -> [ADDRESS]
B104: =Header!B5 -> [CITY, STATE ZIP] | F104: =Header!B5 -> [CITY, STATE ZIP]
B107: =Master!D199 -> 0 | F107: =Master!D215 -> 0
B108: Pin 1 | C108: Pin 2 | D108: Description | F108: Pin 1 | G108: Pin 2 | H108: Description
B109: =Master!A199&" Field" -> Z633 Field | C109: =Master!A199&" Panel" -> Z633 Panel | D109: =Master!B199 -> 0 | F109: =Master!A215&" Field" -> Z649 Field | G109: =Master!A215&" Panel" -> Z649 Panel | H109: =Master!B215 -> 0
B110: =Master!A200&" Field" -> Z634 Field | C110: =Master!A200&" Panel" -> Z634 Panel | D110: =Master!B200 -> 0 | F110: =Master!A216&" Field" -> Z650 Field | G110: =Master!A216&" Panel" -> Z650 Panel | H110: =Master!B216 -> 0
B111: =Master!A201&" Field" -> Z635 Field | C111: =Master!A201&" Panel" -> Z635 Panel | D111: =Master!B201 -> 0 | F111: =Master!A217&" Field" -> Z651 Field | G111: =Master!A217&" Panel" -> Z651 Panel | H111: =Master!B217 -> 0
B112: =Master!A202&" Field" -> Z636 Field | C112: =Master!A202&" Panel" -> Z636 Panel | D112: =Master!B202 -> 0 | F112: =Master!A218&" Field" -> Z652 Field | G112: =Master!A218&" Panel" -> Z652 Panel | H112: =Master!B218 -> 0
B113: =Master!A203&" Field" -> Z637 Field | C113: =Master!A203&" Panel" -> Z637 Panel | D113: =Master!B203 -> 0 | F113: =Master!A219&" Field" -> Z653 Field | G113: =Master!A219&" Panel" -> Z653 Panel | H113: =Master!B219 -> 0
B114: =Master!A204&" Field" -> Z638 Field | C114: =Master!A204&" Panel" -> Z638 Panel | D114: =Master!B204 -> 0 | F114: =Master!A220&" Field" -> Z654 Field | G114: =Master!A220&" Panel" -> Z654 Panel | H114: =Master!B220 -> 0
B115: =Master!A205&" Field" -> Z639 Field | C115: =Master!A205&" Panel" -> Z639 Panel | D115: =Master!B205 -> 0 | F115: =Master!A221&" Field" -> Z655 Field | G115: =Master!A221&" Panel" -> Z655 Panel | H115: =Master!B221 -> 0
B116: =Master!A206&" Field" -> Z640 Field | C116: =Master!A206&" Panel" -> Z640 Panel | D116: =Master!B206 -> 0 | F116: =Master!A222&" Field" -> Z656 Field | G116: =Master!A222&" Panel" -> Z656 Panel | H116: =Master!B222 -> 0
B117: =Master!A207&" Field" -> Z641 Field | C117: =Master!A207&" Panel" -> Z641 Panel | D117: =Master!B207 -> 0 | F117: =Master!A223&" Field" -> Z657 Field | G117: =Master!A223&" Panel" -> Z657 Panel | H117: =Master!B223 -> 0
B118: =Master!A208&" Field" -> Z642 Field | C118: =Master!A208&" Panel" -> Z642 Panel | D118: =Master!B208 -> 0 | F118: =Master!A224&" Field" -> Z658 Field | G118: =Master!A224&" Panel" -> Z658 Panel | H118: =Master!B224 -> 0
B119: =Master!A209&" Field" -> Z643 Field | C119: =Master!A209&" Panel" -> Z643 Panel | D119: =Master!B209 -> 0 | F119: =Master!A225&" Field" -> Z659 Field | G119: =Master!A225&" Panel" -> Z659 Panel | H119: =Master!B225 -> 0
B120: =Master!A210&" Field" -> Z644 Field | C120: =Master!A210&" Panel" -> Z644 Panel | D120: =Master!B210 -> 0 | F120: =Master!A226&" Field" -> Z660 Field | G120: =Master!A226&" Panel" -> Z660 Panel | H120: =Master!B226 -> 0
... B124: =Master!A214&" Field" -> Z648 Field | C124: =Master!A214&" Panel" -> Z648 Panel | D124: =Master!B214 -> PS-9: BATT. TRBL. | F124: =Master!A230&" Field" -> Z664 Field | G124: =Master!A230&" Panel" -> Z664 Panel | H124: =Master!B230 -> PS-10: BATT. TRBL.
B125: AUX POWER | C125: PS9 | D125: POWER FROM POWER SUPPLY 9 | F125: AUX POWER | G125: PS10 | H125: POWER FROM POWER SUPPLY 10
B127: =Header!B3 -> [SCHOOL NAME] | F127: =Header!B3 -> [SCHOOL NAME]
B128: =Header!B4 -> [ADDRESS] | F128: =Header!B4 -> [ADDRESS]
B129: =Header!B5 -> [CITY, STATE ZIP] | F129: =Header!B5 -> [CITY, STATE ZIP]
B132: =Master!D231 -> 0 | F132: =Master!D247 -> 0
B133: Pin 1 | C133: Pin 2 | D133: Description | F133: Pin 1 | G133: Pin 2 | H133: Description
...

Sheet RSPs
B2: =Header!B3 -> [SCHOOL NAME] | F2: =Header!B3 -> [SCHOOL NAME]
B3: =Header!B4 -> [ADDRESS] | F3: =Header!B4 -> [ADDRESS]
B4: =Header!B5 -> [CITY, STATE ZIP] | F4: =Header!B5 -> [CITY, STATE ZIP]
B7: =Master!C67 -> 0 | F7: =Master!C83 -> 0
B8: Position | C8: Zones | D8: Description | F8: Position | G8: Zones | H8: Description
B9: Combus | C9: Zone No. | D9: Combus to MSP | F9: Combus | G9: Zone No. | H9: Combus to MSP
B10: 1 | C10: =Master!A67 -> Z501 | D10: =Master!B67 -> 0 | F10: 1 | G10: =Master!A83 -> Z517 | H10: =Master!B83 -> 0
B11: 2 | C11: =Master!A68 -> Z502 | D11: =Master!B68 -> 0 | F11: 2 | G11: =Master!A84 -> Z518 | H11: =Master!B84 -> 0
B12: 3 | C12: =Master!A69 -> Z503 | D12: =Master!B69 -> 0 | F12: 3 | G12: =Master!A85 -> Z519 | H12: =Master!B85 -> 0
B13: 4 | C13: =Master!A70 -> Z504 | D13: =Master!B70 -> 0 | F13: 4 | G13: =Master!A86 -> Z520 | H13: =Master!B86 -> 0
B14: 5 | C14: =Master!A71 -> Z505 | D14: =Master!B71 -> 0 | F14: 5 | G14: =Master!A87 -> Z521 | H14: =Master!B87 -> 0
B15: 6 | C15: =Master!A72 -> Z506 | D15: =Master!B72 -> 0 | F15: 6 | G15: =Master!A88 -> Z522 | H15: =Master!B88 -> 0
B16: 7 | C16: =Master!A73 -> Z507 | D16: =Master!B73 -> 0 | F16: 7 | G16: =Master!A89 -> Z523 | H16: =Master!B89 -> 0
B17: 8 | C17: =Master!A74 -> Z508 | D17: =Master!B74 -> 0 | F17: 8 | G17: =Master!A90 -> Z524 | H17: =Master!B90 -> 0
B18: 9 | C18: =Master!A75 -> Z509 | D18: =Master!B75 -> 0 | F18: 9 | G18: =Master!A91 -> Z525 | H18: =Master!B91 -> 0
B19: 10 | C19: =Master!A76 -> Z510 | D19: =Master!B76 -> 0 | F19: 10 | G19: =Master!A92 -> Z526 | H19: =Master!B92 -> 0
B20: 11 | C20: =Master!A77 -> Z511 | D20: =Master!B77 -> 0 | F20: 11 | G20: =Master!A93 -> Z527 | H20: =Master!B93 -> 0
B21: 12 | C21: =Master!A78 -> Z512 | D21: =Master!B78 -> 0 | F21: 12 | G21: =Master!A94 -> Z528 | H21: =Master!B94 -> 0
... B25: 16 | C25: =Master!A82 -> Z516 | D25: =Master!B82 -> PS-1: BATT. TRBL. | F25: 16 | G25: =Master!A98 -> Z532 | H25: =Master!B98 -> PS-2: BATT. TRBL.
B28: =Header!B3 -> [SCHOOL NAME] | F28: =Header!B3 -> [SCHOOL NAME]
B29: =Header!B4 -> [ADDRESS] | F29: =Header!B4 -> [ADDRESS]
B30: =Header!B5 -> [CITY, STATE ZIP] | F30: =Header!B5 -> [CITY, STATE ZIP]
B33: =Master!C99 -> 0 | F33: =Master!C163 -> 0
B34: Position | C34: Zones | D34: Description | F34: Position | G34: Zones | H34: Description
B35: Combus | C35: Zone No. | D35: Combus to MSP | F35: Combus | G35: Zone No. | H35: Combus to MSP
B36: 1 | C36: =Master!A99 -> Z533 | D36: =Master!B99 -> 0 | F36: 1 | G36: =Master!A115 -> Z549 | H36: =Master!B115 -> 0
B37: 2 | C37: =Master!A100 -> Z534 | D37: =Master!B100 -> 0 | F37: 2 | G37: =Master!A116 -> Z550 | H37: =Master!B116 -> 0
B38: 3 | C38: =Master!A101 -> Z535 | D38: =Master!B101 -> 0 | F38: 3 | G38: =Master!A117 -> Z551 | H38: =Master!B117 -> 0
B39: 4 | C39: =Master!A102 -> Z536 | D39: =Master!B102 -> 0 | F39: 4 | G39: =Master!A118 -> Z552 | H39: =Master!B118 -> 0
B40: 5 | C40: =Master!A103 -> Z537 | D40: =Master!B103 -> 0 | F40: 5 | G40: =Master!A119 -> Z553 | H40: =Master!B119 -> 0
B41: 6 | C41: =Master!A104 -> Z538 | D41: =Master!B104 -> 0 | F41: 6 | G41: =Master!A120 -> Z554 | H41: =Master!B120 -> 0
B42: 7 | C42: =Master!A105 -> Z539 | D42: =Master!B105 -> 0 | F42: 7 | G42: =Master!A121 -> Z555 | H42: =Master!B121 -> 0
B43: 8 | C43: =Master!A106 -> Z540 | D43: =Master!B106 -> 0 | F43: 8 | G43: =Master!A122 -> Z556 | H43: =Master!B122 -> 0
B44: 9 | C44: =Master!A107 -> Z541 | D44: =Master!B107 -> 0 | F44: 9 | G44: =Master!A123 -> Z557 | H44: =Master!B123 -> 0
B45: 10 | C45: =Master!A108 -> Z542 | D45: =Master!B108 -> 0 | F45: 10 | G45: =Master!A124 -> Z558 | H45: =Master!B124 -> 0
B46: 11 | C46: =Master!A109 -> Z543 | D46: =Master!B109 -> 0 | F46: 11 | G46: =Master!A125 -> Z559 | H46: =Master!B125 -> 0
B47: 12 | C47: =Master!A110 -> Z544 | D47: =Master!B110 -> 0 | F47: 12 | G47: =Master!A126 -> Z560 | H47: =Master!B126 -> 0
... B51: 16 | C51: =Master!A114 -> Z548 | D51: =Master!B114 -> PS-3: BATT. TRBL. | F51: 16 | G51: =Master!A130 -> Z564 | H51: =Master!B130 -> PS-4: BATT. TRBL.
B54: =Header!B3 -> [SCHOOL NAME] | F54: =Header!B3 -> [SCHOOL NAME]
B55: =Header!B4 -> [ADDRESS] | F55: =Header!B4 -> [ADDRESS]
B56: =Header!B5 -> [CITY, STATE ZIP] | F56: =Header!B5 -> [CITY, STATE ZIP]
B59: =Master!C179 -> 0 | F59: =Master!C195 -> 0
B60: Position | C60: Zones | D60: Description | F60: Position | G60: Zones | H60: Description
B61: Combus | C61: Zone No. | D61: Combus to MSP | F61: Combus | G61: Zone No. | H61: Combus to MSP
B62: 1 | C62: =Master!A131 -> Z565 | D62: =Master!B131 -> 0 | F62: 1 | G62: =Master!A147 -> Z581 | H62: =Master!B147 -> 0
B63: 2 | C63: =Master!A132 -> Z566 | D63: =Master!B132 -> 0 | F63: 2 | G63: =Master!A148 -> Z582 | H63: =Master!B148 -> 0
B64: 3 | C64: =Master!A133 -> Z567 | D64: =Master!B133 -> 0 | F64: 3 | G64: =Master!A149 -> Z583 | H64: =Master!B149 -> 0
B65: 4 | C65: =Master!A134 -> Z568 | D65: =Master!B134 -> 0 | F65: 4 | G65: =Master!A150 -> Z584 | H65: =Master!B150 -> 0
B66: 5 | C66: =Master!A135 -> Z569 | D66: =Master!B135 -> 0 | F66: 5 | G66: =Master!A151 -> Z585 | H66: =Master!B151 -> 0
B67: 6 | C67: =Master!A136 -> Z570 | D67: =Master!B136 -> 0 | F67: 6 | G67: =Master!A152 -> Z586 | H67: =Master!B152 -> 0
B68: 7 | C68: =Master!A137 -> Z571 | D68: =Master!B137 -> 0 | F68: 7 | G68: =Master!A153 -> Z587 | H68: =Master!B153 -> 0
B69: 8 | C69: =Master!A138 -> Z572 | D69: =Master!B138 -> 0 | F69: 8 | G69: =Master!A154 -> Z588 | H69: =Master!B154 -> 0
B70: 9 | C70: =Master!A139 -> Z573 | D70: =Master!B139 -> 0 | F70: 9 | G70: =Master!A155 -> Z589 | H70: =Master!B155 -> 0
B71: 10 | C71: =Master!A140 -> Z574 | D71: =Master!B140 -> 0 | F71: 10 | G71: =Master!A156 -> Z590 | H71: =Master!B156 -> 0
B72: 11 | C72: =Master!A141 -> Z575 | D72: =Master!B141 -> 0 | F72: 11 | G72: =Master!A157 -> Z591 | H72: =Master!B157 -> 0
B73: 12 | C73: =Master!A142 -> Z576 | D73: =Master!B142 -> 0 | F73: 12 | G73: =Master!A158 -> Z592 | H73: =Master!B158 -> 0
... B77: 16 | C77: =Master!A146 -> Z580 | D77: =Master!B146 -> PS-5: BATT. TRBL. | F77: 16 | G77: =Master!A162 -> Z596 | H77: =Master!B162 -> PS-6: BATT. TRBL.
B80: =Header!B3 -> [SCHOOL NAME] | F80: =Header!B3 -> [SCHOOL NAME]
B81: =Header!B4 -> [ADDRESS] | F81: =Header!B4 -> [ADDRESS]
B82: =Header!B5 -> [CITY, STATE ZIP] | F82: =Header!B5 -> [CITY, STATE ZIP]
B85: =Master!C211 -> 0 | F85: =Master!C259 -> 0
B86: Position | C86: Zones | D86: Description | F86: Position | G86: Zones | H86: Description
B87: Combus | C87: Zone No. | D87: Combus to MSP | F87: Combus | G87: Zone No. | H87: Combus to MSP
B88: 1 | C88: =Master!A167 -> Z601 | D88: =Master!B167 -> 0 | F88: 1 | G88: =Master!A183 -> Z617 | H88: =Master!B183 -> 0
B89: 2 | C89: =Master!A168 -> Z602 | D89: =Master!B168 -> 0 | F89: 2 | G89: =Master!A184 -> Z618 | H89: =Master!B184 -> 0
B90: 3 | C90: =Master!A169 -> Z603 | D90: =Master!B169 -> 0 | F90: 3 | G90: =Master!A185 -> Z619 | H90: =Master!B185 -> 0
B91: 4 | C91: =Master!A170 -> Z604 | D91: =Master!B170 -> 0 | F91: 4 | G91: =Master!A186 -> Z620 | H91: =Master!B186 -> 0
B92: 5 | C92: =Master!A171 -> Z605 | D92: =Master!B171 -> 0 | F92: 5 | G92: =Master!A187 -> Z621 | H92: =Master!B187 -> 0
B93: 6 | C93: =Master!A172 -> Z606 | D93: =Master!B172 -> 0 | F93: 6 | G93: =Master!A188 -> Z622 | H93: =Master!B188 -> 0
B94: 7 | C94: =Master!A173 -> Z607 | D94: =Master!B173 -> 0 | F94: 7 | G94: =Master!A189 -> Z623 | H94: =Master!B189 -> 0
B95: 8 | C95: =Master!A174 -> Z608 | D95: =Master!B174 -> 0 | F95: 8 | G95: =Master!A190 -> Z624 | H95: =Master!B190 -> 0
B96: 9 | C96: =Master!A175 -> Z609 | D96: =Master!B175 -> 0 | F96: 9 | G96: =Master!A191 -> Z625 | H96: =Master!B191 -> 0
B97: 10 | C97: =Master!A176 -> Z610 | D97: =Master!B176 -> 0 | F97: 10 | G97: =Master!A192 -> Z626 | H97: =Master!B192 -> 0
B98: 11 | C98: =Master!A177 -> Z611 | D98: =Master!B177 -> 0 | F98: 11 | G98: =Master!A193 -> Z627 | H98: =Master!B193 -> 0
B99: 12 | C99: =Master!A178 -> Z612 | D99: =Master!B178 -> 0 | F99: 12 | G99: =Master!A194 -> Z628 | H99: =Master!B194 -> 0
... B103: 16 | C103: =Master!A182 -> Z616 | D103: =Master!B182 -> PS-7: BATT. TRBL. | F103: 16 | G103: =Master!A198 -> Z632 | H103: =Master!B198 -> PS-8: BATT. TRBL.
B106: =Header!B3 -> [SCHOOL NAME] | F106: =Header!B3 -> [SCHOOL NAME]
B107: =Header!B4 -> [ADDRESS] | F107: =Header!B4 -> [ADDRESS]
B108: =Header!B5 -> [CITY, STATE ZIP] | F108: =Header!B5 -> [CITY, STATE ZIP]
B111: =Master!C275 -> 0 | F111: =Master!C291 -> 0
B112: Position | C112: Zones | D112: Description | F112: Position | G112: Zones | H112: Description
B113: Combus | C113: Zone No. | D113: Combus to MSP | F113: Combus | G113: Zone No. | H113: Combus to MSP
B114: 1 | C114: =Master!A199 -> Z633 | D114: =Master!B199 -> 0 | F114: 1 | G114: =Master!A215 -> Z649 | H114: =Master!B215 -> 0
B115: 2 | C115: =Master!A200 -> Z634 | D115: =Master!B200 -> 0 | F115: 2 | G115: =Master!A216 -> Z650 | H115: =Master!B216 -> 0
B116: 3 | C116: =Master!A201 -> Z635 | D116: =Master!B201 -> 0 | F116: 3 | G116: =Master!A217 -> Z651 | H116: =Master!B217 -> 0
B117: 4 | C117: =Master!A202 -> Z636 | D117: =Master!B202 -> 0 | F117: 4 | G117: =Master!A218 -> Z652 | H117: =Master!B218 -> 0
B118: 5 | C118: =Master!A203 -> Z637 | D118: =Master!B203 -> 0 | F118: 5 | G118: =Master!A219 -> Z653 | H118: =Master!B219 -> 0
B119: 6 | C119: =Master!A204 -> Z638 | D119: =Master!B204 -> 0 | F119: 6 | G119: =Master!A220 -> Z654 | H119: =Master!B220 -> 0
B120: 7 | C120: =Master!A205 -> Z639 | D120: =Master!B205 -> 0 | F120: 7 | G120: =Master!A221 -> Z655 | H120: =Master!B221 -> 0
B121: 8 | C121: =Master!A206 -> Z640 | D121: =Master!B206 -> 0 | F121: 8 | G121: =Master!A222 -> Z656 | H121: =Master!B222 -> 0
B122: 9 | C122: =Master!A207 -> Z641 | D122: =Master!B207 -> 0 | F122: 9 | G122: =Master!A223 -> Z657 | H122: =Master!B223 -> 0
B123: 10 | C123: =Master!A208 -> Z642 | D123: =Master!B208 -> 0 | F123: 10 | G123: =Master!A224 -> Z658 | H123: =Master!B224 -> 0
B124: 11 | C124: =Master!A209 -> Z643 | D124: =Master!B209 -> 0 | F124: 11 | G124: =Master!A225 -> Z659 | H124: =Master!B225 -> 0
B125: 12 | C125: =Master!A210 -> Z644 | D125: =Master!B210 -> 0 | F125: 12 | G125: =Master!A226 -> Z660 | H125: =Master!B226 -> 0
... B129: 16 | C129: =Master!A214 -> Z648 | D129: =Master!B214 -> PS-9: BATT. TRBL. | F129: 16 | G129: =Master!A230 -> Z664 | H129: =Master!B230 -> PS-10: BATT. TRBL.
B132: =Header!B3 -> [SCHOOL NAME] | F132: =Header!B3 -> [SCHOOL NAME]
B133: =Header!B4 -> [ADDRESS] | F133: =Header!B4 -> [ADDRESS]
B134: =Header!B5 -> [CITY, STATE ZIP] | F134: =Header!B5 -> [CITY, STATE ZIP]
B137: =Master!C354 -> 0 | F137: =Master!C370 -> 0
B138: Position | C138: Zones | D138: Description | F138: Position | G138: Zones | H138: Description
...

Sheet Power Supplies
B2: =Header!B3 -> [SCHOOL NAME] | E2: =Header!B3 -> [SCHOOL NAME]
B3: =Header!B4 -> [ADDRESS] | E3: =Header!B4 -> [ADDRESS]
B4: =Header!B5 -> [CITY, STATE ZIP] | E4: =Header!B5 -> [CITY, STATE ZIP]
B7: =Master!C81 -> 0 | E7: =Master!C97 -> 0
B8: Position | C8: Description | E8: Position | F8: Description
B9: AC Trouble | C9: ="RSP-1 "&Master!A81 -> RSP-1 Z515 | E9: AC Trouble | F9: ="RSP-2 "&Master!A97 -> RSP-2 Z531
B10: Batt. Trouble | C10: ="RSP-1 "&Master!A82 -> RSP-1 Z516 | E10: Batt. Trouble | F10: ="RSP-2 "&Master!A98 -> RSP-2 Z532
B11: DC | C11: 66 block | E11: DC | F11: 66 block
B12: Battery | C12: 12v Battery | E12: Battery | F12: 12v Battery
B14: =Header!B3 -> [SCHOOL NAME] | E14: =Header!B3 -> [SCHOOL NAME]
B15: =Header!B4 -> [ADDRESS] | E15: =Header!B4 -> [ADDRESS]
B16: =Header!B5 -> [CITY, STATE ZIP] | E16: =Header!B5 -> [CITY, STATE ZIP]
B19: =Master!C113 -> 0 | E19: =Master!C129 -> 0
B20: Position | C20: Description | E20: Position | F20: Description
B21: AC Trouble | C21: ="RSP-3 "&Master!A113 -> RSP-3 Z547 | E21: AC Trouble | F21: ="RSP-4 "&Master!A129 -> RSP-4 Z563
B22: Batt. Trouble | C22: ="RSP-3 "&Master!A114 -> RSP-3 Z548 | E22: Batt. Trouble | F22: ="RSP-4 "&Master!A130 -> RSP-4 Z564
B23: DC | C23: 66 block | E23: DC | F23: 66 block
B24: Battery | C24: 12v Battery | E24: Battery | F24: 12v Battery
B26: =Header!B3 -> [SCHOOL NAME] | E26: =Header!B3 -> [SCHOOL NAME]
B27: =Header!B4 -> [ADDRESS] | E27: =Header!B4 -> [ADDRESS]
B28: =Header!B5 -> [CITY, STATE ZIP] | E28: =Header!B5 -> [CITY, STATE ZIP]
B31: =Master!C145 -> 0 | E31: =Master!C161 -> 0
B32: Position | C32: Description | E32: Position | F32: Description
B33: AC Trouble | C33: ="RSP-5 "&Master!A145 -> RSP-5 Z579 | E33: AC Trouble | F33: ="RSP-6 "&Master!A161 -> RSP-6 Z595
B34: Batt. Trouble | C34: ="RSP-5 "&Master!A146 -> RSP-5 Z580 | E34: Batt. Trouble | F34: ="RSP-6 "&Master!A162 -> RSP-6 Z596
B35: DC | C35: 66 block | E35: DC | F35: 66 block
B36: Battery | C36: 12v Battery | E36: Battery | F36: 12v Battery
B38: =Header!B3 -> [SCHOOL NAME] | E38: =Header!B3 -> [SCHOOL NAME]
B39: =Header!B4 -> [ADDRESS] | E39: =Header!B4 -> [ADDRESS]
B40: =Header!B5 -> [CITY, STATE ZIP] | E40: =Header!B5 -> [CITY, STATE ZIP]
B43: =Master!C181 -> 0 | E43: =Master!C197 -> 0
B44: Position | C44: Description | E44: Position | F44: Description
B45: AC Trouble | C45: ="RSP-7 "&Master!A181 -> RSP-7 Z615 | E45: AC Trouble | F45: ="RSP-8 "&Master!A197 -> RSP-8 Z631
B46: Batt. Trouble | C46: ="RSP-7 "&Master!A182 -> RSP-7 Z616 | E46: Batt. Trouble | F46: ="RSP-8 "&Master!A198 -> RSP-8 Z632
B47: DC | C47: 66 block | E47: DC | F47: 66 block
B48: Battery | C48: 12v Battery | E48: Battery | F48: 12v Battery
B50: =Header!B3 -> [SCHOOL NAME] | E50: =Header!B3 -> [SCHOOL NAME]
B51: =Header!B4 -> [ADDRESS] | E51: =Header!B4 -> [ADDRESS]
B52: =Header!B5 -> [CITY, STATE ZIP] | E52: =Header!B5 -> [CITY, STATE ZIP]
B55: =Master!C213 -> 0 | E55: =Master!C229 -> 0
B56: Position | C56: Description | E56: Position | F56: Description
B57: AC Trouble | C57: ="RSP-9 "&Master!A213 -> RSP-9 Z647 | E57: AC Trouble | F57: ="RSP-10 "&Master!A229 -> RSP-10 Z663
B58: Batt. Trouble | C58: ="RSP-9 "&Master!A214 -> RSP-9 Z648 | E58: Batt. Trouble | F58: ="RSP-10 "&Master!A230 -> RSP-10 Z664
B59: DC | C59: 66 block | E59: DC | F59: 66 block
B60: Battery | C60: 12v Battery | E60: Battery | F60: 12v Battery
B62: =Header!B3 -> [SCHOOL NAME] | E62: =Header!B3 -> [SCHOOL NAME]
B63: =Header!B4 -> [ADDRESS] | E63: =Header!B4 -> [ADDRESS]
B64: =Header!B5 -> [CITY, STATE ZIP] | E64: =Header!B5 -> [CITY, STATE ZIP]
B67: =Master!C245 -> 0 | E67: =Master!C261 -> 0
B68: Position | C68: Description | E68: Position | F68: Description
B69: AC Trouble | C69: ="RSP-11 "&Master!A245 -> RSP-11 Z679 | E69: AC Trouble | F69: ="RSP-12 "&Master!A261 -> RSP-12 Z695
B70: Batt. Trouble | C70: ="RSP-11 "&Master!A246 -> RSP-11 Z680 | E70: Batt. Trouble | F70: ="RSP-12 "&Master!A262 -> RSP-12 Z696
B71: DC | C71: 66 block | E71: DC | F71: 66 block, and RSP-710-F204
B72: Battery | C72: 12v Battery | E72: Battery | F72: 12v Battery
B74: =Header!B3 -> [SCHOOL NAME] | E74: =Header!B3 -> [SCHOOL NAME]
B75: =Header!B4 -> [ADDRESS] | E75: =Header!B4 -> [ADDRESS]
B76: =Header!B5 -> [CITY, STATE ZIP] | E76: =Header!B5 -> [CITY, STATE ZIP]
B79: =Master!C281 -> 0 | E79: =Master!C297 -> 0
B80: Position | C80: Description | E80: Position | F80: Description
B81: AC Trouble | C81: ="RSP-13 "&Master!A281 -> RSP-13 Z715 | E81: AC Trouble | F81: ="RSP-14 "&Master!A297 -> RSP-14 Z731
B82: Batt. Trouble | C82: ="RSP-13 "&Master!A282 -> RSP-13 Z716 | E82: Batt. Trouble | F82: ="RSP-14 "&Master!A298 -> RSP-14 Z732
B83: DC | C83: 66 block | E83: DC | F83: 66 block
B84: Battery | C84: 12v Battery | E84: Battery | F84: 12v Battery
B86: =Header!B3 -> [SCHOOL NAME] | E86: =Header!B3 -> [SCHOOL NAME]
B87: =Header!B4 -> [ADDRESS] | E87: =Header!B4 -> [ADDRESS]
B88: =Header!B5 -> [CITY, STATE ZIP] | E88: =Header!B5 -> [CITY, STATE ZIP]
B91: =Master!C313 -> 0 | E91: =Master!C329 -> 0
B92: Position | C92: Description | E92: Position | F92: Description
B93: AC Trouble | C93: ="RSP-15 "&Master!A313 -> RSP-15 Z747 | E93: AC Trouble | F93: ="RSP-16 "&Master!A329 -> RSP-16 Z763
B94: Batt. Trouble | C94: ="RSP-15 "&Master!A314 -> RSP-15 Z748 | E94: Batt. Trouble | F94: ="RSP-16 "&Master!A330 -> RSP-16 Z764
B95: DC | C95: 66 block | E95: DC | F95: 66 block, and RSP-710-F204
B96: Battery | C96: 12v Battery | E96: Battery | F96: 12v Battery
B98: =Header!B99 -> 0 | E98: =Header!B99 -> 0
B99: =Header!B100 -> 0 | E99: =Header!B100 -> 0
B100: =Header!B101 -> 0 | E100: =Header!B101 -> 0
B103: =Master!C177 -> 0 | E103: =Master!C193 -> 0
B104: Position | C104: Description | E104: Position | F104: Description
B105: AC Trouble | C105: ="RSP-17 "&Master!A345 -> RSP-17 Z779 | E105: AC Trouble | F105: ="RSP-18 "&Master!A361 -> RSP-18 Z795
B106: Batt. Trouble | C106: ="RSP-17 "&Master!A346 -> RSP-17 Z780 | E106: Batt. Trouble | F106: ="RSP-18 "&Master!A362 -> RSP-18 Z796
B107: DC | C107: 66 block | E107: DC | F107: 66 block
B108: Battery | C108: 12v Battery | E108: Battery | F108: 12v Battery
B110: =Header!B99 -> 0 | E110: =Header!B99 -> 0
B111: =Header!B100 -> 0 | E111: =Header!B100 -> 0
B112: =Header!B101 -> 0 | E112: =Header!B101 -> 0
B115: =Master!C209 -> 0 | E115: =Master!C225 -> 0
B116: Position | C116: Description | E116: Position | F116: Description
B117: AC Trouble | C117: ="RSP-19 "&Master!A381 -> RSP-19 Z815 | E117: AC Trouble | F117: ="RSP-20 "&Master!A397 -> RSP-20 Z831
B118: Batt. Trouble | C118: ="RSP-19 "&Master!A382 -> RSP-19 Z816 | E118: Batt. Trouble | F118: ="RSP-20 "&Master!A398 -> RSP-20 Z832
B119: DC | C119: 66 block | E119: DC | F119: 66 block
B120: Battery | C120: 12v Battery | E120: Battery | F120: 12v Battery
B122: =Header!B99 -> 0 | E122: =Header!B99 -> 0
B123: =Header!B100 -> 0 | E123: =Header!B100 -> 0
B124: =Header!B101 -> 0 | E124: =Header!B101 -> 0
B127: =Master!C241 -> 0 | E127: =Master!C257 -> 0
B128: Position | C128: Description | E128: Position | F128: Description
B129: AC Trouble | C129: ="RSP-21 "&Master!A413 -> RSP-21 Z847 | E129: AC Trouble | F129: ="RSP-22 "&Master!A429 -> RSP-22 Z863
B130: Batt. Trouble | C130: ="RSP-21 "&Master!A414 -> RSP-21 Z848 | E130: Batt. Trouble | F130: ="RSP-22 "&Master!A430 -> RSP-22 Z864
B131: DC | C131: 66 block | E131: DC | F131: 66 block
B132: Battery | C132: 12v Battery | E132: Battery | F132: 12v Battery
B134: =Header!B99 -> 0 | E134: =Header!B99 -> 0
...

Sheet LX-KP-710s
B2: =Header!B3 -> [SCHOOL NAME] | E2: =Header!B3 -> [SCHOOL NAME]
B3: =Header!B4 -> [ADDRESS] | E3: =Header!B4 -> [ADDRESS]
B4: =Header!B5 -> [CITY, STATE ZIP] | E4: =Header!B5 -> [CITY, STATE ZIP]
B7: =Master!C29 -> 0 | E7: =Master!C30 -> 0
B8: Position | C8: Description | E8: Position | F8: Description
B9: Combus Input | C9: =Master!D29 -> 0 | E9: Combus Input | F9: =Master!D30 -> 0
B10: Combus Output 1 | C10: =Master!E29 -> 0 | E10: Combus Output 1 | F10: =Master!E30 -> 0
B11: Combus Output 2 | C11: =Master!F29 -> 0 | E11: Combus Output 2 | F11: =Master!F30 -> 0
B12: Combus Output 3 | C12: =Master!G29 -> 0 | E12: Combus Output 3 | F12: =Master!G30 -> 0
B14: =Header!B3 -> [SCHOOL NAME] | E14: =Header!B3 -> [SCHOOL NAME]
B15: =Header!B4 -> [ADDRESS] | E15: =Header!B4 -> [ADDRESS]
B16: =Header!B5 -> [CITY, STATE ZIP] | E16: =Header!B5 -> [CITY, STATE ZIP]
B19: =Master!C31 -> 0 | E19: =Master!C32 -> 0
B20: Position | C20: Description | E20: Position | F20: Description
B21: Combus Input | C21: =Master!D31 -> 0 | E21: Combus Input | F21: =Master!D32 -> 0
B22: Combus Output 1 | C22: =Master!E31 -> 0 | E22: Combus Output 1 | F22: =Master!E32 -> 0
B23: Combus Output 2 | C23: =Master!F31 -> 0 | E23: Combus Output 2 | F23: =Master!F32 -> 0
B24: Combus Output 3 | C24: =Master!G31 -> 0 | E24: Combus Output 3 | F24: =Master!G32 -> 0
B26: =Header!B3 -> [SCHOOL NAME] | E26: =Header!B3 -> [SCHOOL NAME]
B27: =Header!B4 -> [ADDRESS] | E27: =Header!B4 -> [ADDRESS]
B28: =Header!B5 -> [CITY, STATE ZIP] | E28: =Header!B5 -> [CITY, STATE ZIP]
B31: =Master!C34 -> 0 | E31: =Master!C35 -> 0
B32: Position | C32: Description | E32: Position | F32: Description
B33: Combus Input | C33: =Master!D34 -> 0 | E33: Combus Input | F33: =Master!D35 -> 0
B34: Combus Output 1 | C34: =Master!E34 -> 0 | E34: Combus Output 1 | F34: =Master!E35 -> 0
B35: Combus Output 2 | C35: =Master!F34 -> 0 | E35: Combus Output 2 | F35: =Master!F35 -> 0
B36: Combus Output 3 | C36: =Master!G34 -> 0 | E36: Combus Output 3 | F36: =Master!G35 -> 0
B38: =Header!B39 -> 0 | E38: =Header!B39 -> 0
B39: =Header!B40 -> 0 | E39: =Header!B40 -> 0
B40: =Header!B41 -> 0 | E40: =Header!B41 -> 0
B43: =Master!C36 -> 0 | E43: =Master!C37 -> 0
B44: Position | C44: Description | E44: Position | F44: Description
B45: Combus Input | C45: =Master!D36 -> 0 | E45: Combus Input | F45: =Master!D37 -> 0
B46: Combus Output 1 | C46: =Master!E36 -> 0 | E46: Combus Output 1 | F46: =Master!E37 -> 0
B47: Combus Output 2 | C47: =Master!F36 -> 0 | E47: Combus Output 2 | F47: =Master!F37 -> 0
B48: Combus Output 3 | C48: =Master!G36 -> 0 | E48: Combus Output 3 | F48: =Master!G37 -> 0
B50: =Header!B39 -> 0 | E50: =Header!B39 -> 0
B51: =Header!B40 -> 0 | E51: =Header!B40 -> 0
B52: =Header!B41 -> 0 | E52: =Header!B41 -> 0
B55: =Master!C39 -> 0 | E55: =Master!C40 -> 0
B56: Position | C56: Description | E56: Position | F56: Description
B57: Combus Input | C57: =Master!D39 -> 0 | E57: Combus Input | F57: =Master!D40 -> 0
B58: Combus Output 1 | C58: =Master!E39 -> 0 | E58: Combus Output 1 | F58: =Master!E40 -> 0
B59: Combus Output 2 | C59: =Master!F39 -> 0 | E59: Combus Output 2 | F59: =Master!F40 -> 0
B60: Combus Output 3 | C60: =Master!G39 -> 0 | E60: Combus Output 3 | F60: =Master!G40 -> 0
B62: =Header!B39 -> 0 | E62: =Header!B39 -> 0
B63: =Header!B40 -> 0 | E63: =Header!B40 -> 0
B64: =Header!B41 -> 0 | E64: =Header!B41 -> 0
B67: =Master!C41 -> 0 | E67: =Master!C42 -> 0
B68: Position | C68: Description | E68: Position | F68: Description
B69: Combus Input | C69: =Master!D41 -> 0 | E69: Combus Input | F69: =Master!D42 -> 0
B70: Combus Output 1 | C70: =Master!E41 -> 0 | E70: Combus Output 1 | F70: =Master!E42 -> 0
B71: Combus Output 2 | C71: =Master!F41 -> 0 | E71: Combus Output 2 | F71: =Master!F42 -> 0
B72: Combus Output 3 | C72: =Master!G41 -> 0 | E72: Combus Output 3 | F72: =Master!G42 -> 0
B74: =Header!B75 -> 0 | E74: =Header!B75 -> 0
B75: =Header!B76 -> 0 | E75: =Header!B76 -> 0
B76: =Header!B77 -> 0 | E76: =Header!B77 -> 0
B79: =Master!C44 -> 0 | E79: =Master!C45 -> 0
B80: Position | C80: Description | E80: Position | F80: Description
B81: Combus Input | C81: =Master!D44 -> 0 | E81: Combus Input | F81: =Master!D45 -> 0
B82: Combus Output 1 | C82: =Master!E44 -> 0 | E82: Combus Output 1 | F82: =Master!E45 -> 0
B83: Combus Output 2 | C83: =Master!F44 -> 0 | E83: Combus Output 2 | F83: =Master!F45 -> 0
B84: Combus Output 3 | C84: =Master!G44 -> 0 | E84: Combus Output 3 | F84: =Master!G45 -> 0
B86: =Header!B75 -> 0 | E86: =Header!B75 -> 0
B87: =Header!B76 -> 0 | E87: =Header!B76 -> 0
B88: =Header!B77 -> 0 | E88: =Header!B77 -> 0
B91: =Master!C46 -> 0 | E91: =Master!C47 -> 0
B92: Position | C92: Description | E92: Position | F92: Description
B93: Combus Input | C93: =Master!D46 -> 0 | E93: Combus Input | F93: =Master!D47 -> 0
B94: Combus Output 1 | C94: =Master!E46 -> 0 | E94: Combus Output 1 | F94: =Master!E47 -> 0
B95: Combus Output 2 | C95: =Master!F46 -> 0 | E95: Combus Output 2 | F95: =Master!F47 -> 0
B96: Combus Output 3 | C96: =Master!G46 -> 0 | E96: Combus Output 3 | F96: =Master!G47 -> 0
B98: =Header!B75 -> 0 | E98: =Header!B75 -> 0
B99: =Header!B76 -> 0 | E99: =Header!B76 -> 0
B100: =Header!B77 -> 0 | E100: =Header!B77 -> 0
B103: =Master!C49 -> 0 | E103: =Master!C50 -> 0
B104: Position | C104: Description | E104: Position | F104: Description
B105: Combus Input | C105: =Master!D49 -> 0 | E105: Combus Input | F105: =Master!D50 -> 0
B106: Combus Output 1 | C106: =Master!E49 -> 0 | E106: Combus Output 1 | F106: =Master!E50 -> 0
B107: Combus Output 2 | C107: =Master!F49 -> 0 | E107: Combus Output 2 | F107: =Master!F50 -> 0
B108: Combus Output 3 | C108: =Master!G49 -> 0 | E108: Combus Output 3 | F108: =Master!G50 -> 0
B110: =Header!B111 -> 0 | E110: =Header!B111 -> 0
B111: =Header!B112 -> 0 | E111: =Header!B112 -> 0
B112: =Header!B113 -> 0 | E112: =Header!B113 -> 0
B115: =Master!C51 -> 0 | E115: =Master!C52 -> 0
B116: Position | C116: Description | E116: Position | F116: Description
B117: Combus Input | C117: =Master!D51 -> 0 | E117: Combus Input | F117: =Master!D52 -> 0
B118: Combus Output 1 | C118: =Master!E51 -> 0 | E118: Combus Output 1 | F118: =Master!E52 -> 0
B119: Combus Output 2 | C119: =Master!F51 -> 0 | E119: Combus Output 2 | F119: =Master!F52 -> 0
B120: Combus Output 3 | C120: =Master!G51 -> 0 | E120: Combus Output 3 | F120: =Master!G52 -> 0
B122: =Header!B111 -> 0 | E122: =Header!B111 -> 0
B123: =Header!B112 -> 0 | E123: =Header!B112 -> 0
B124: =Header!B113 -> 0 | E124: =Header!B113 -> 0
B127: =Master!C54 -> 0 | E127: =Master!C55 -> 0
B128: Position | C128: Description | E128: Position | F128: Description
B129: Combus Input | C129: =Master!D54 -> 0 | E129: Combus Input | F129: =Master!D55 -> 0
B130: Combus Output 1 | C130: =Master!E54 -> 0 | E130: Combus Output 1 | F130: =Master!E55 -> 0
B131: Combus Output 2 | C131: =Master!F54 -> 0 | E131: Combus Output 2 | F131: =Master!F55 -> 0
B132: Combus Output 3 | C132: =Master!G54 -> 0 | E132: Combus Output 3 | F132: =Master!G55 -> 0
B134: =Header!B111 -> 0 | E134: =Header!B111 -> 0
...
